params,folds,mean_coverage,mean_validation_macro_f1,mean_test_accuracy,std_test_accuracy,mean_test_macro_f1,std_test_macro_f1,mean_test_precision_macro,mean_test_recall_macro,mean_test_f1_bull,mean_test_f1_bear,mean_test_precision_bull,mean_test_recall_bull,mean_test_bull_prediction_rate
"{""colsample_bytree"": 0.7, ""gamma"": 1, ""learning_rate"": 0.02, ""max_depth"": 3, ""min_child_weight"": 30, ""n_estimators"": 500, ""reg_alpha"": 0, ""reg_lambda"": 3.0, ""subsample"": 0.8}",8,0.21624045678017742,0.6276945154100683,0.6046607720162576,0.1412136845320896,0.5450962554758174,0.14538984555332954,0.5860381274025638,0.5675695341748188,0.6216720984831288,0.4685204124685061,0.5816284330998548,0.7150117181015414,0.6663586702051094
"{""colsample_bytree"": 0.7, ""gamma"": 1, ""learning_rate"": 0.02, ""max_depth"": 3, ""min_child_weight"": 30, ""n_estimators"": 500, ""reg_alpha"": 0, ""reg_lambda"": 1.0, ""subsample"": 0.8}",8,0.21624045678017742,0.6244264744974255,0.5928327761368074,0.12536620298502854,0.5433074837347749,0.1294374762868519,0.569171640994547,0.5681788644344918,0.6050026117192515,0.48161235575029826,0.5880949243363606,0.6692862078178106,0.6200764074277993
"{""colsample_bytree"": 0.85, ""gamma"": 1, ""learning_rate"": 0.02, ""max_depth"": 3, ""min_child_weight"": 30, ""n_estimators"": 500, ""reg_alpha"": 0.1, ""reg_lambda"": 1.0, ""subsample"": 0.8}",8,0.21624045678017742,0.62369150303846,0.5998531567031351,0.12429589441320571,0.5445840334631952,0.1365887507485199,0.5666274300489272,0.5717134011129176,0.6062834646476811,0.48288460227870933,0.58081085265596,0.6787030774765369,0.6285045907170947
"{""colsample_bytree"": 0.7, ""gamma"": 1, ""learning_rate"": 0.02, ""max_depth"": 3, ""min_child_weight"": 30, ""n_estimators"": 500, ""reg_alpha"": 0.1, ""reg_lambda"": 1.0, ""subsample"": 0.8}",8,0.21624045678017742,0.6202793330880999,0.5968809567396535,0.13157557125512684,0.5359247314873167,0.14506565667780355,0.5584633877371251,0.5622818505315059,0.5971448701937044,0.47470459278092897,0.5542505244167921,0.6831531290436522,0.6423864886288804
"{""colsample_bytree"": 0.7, ""gamma"": 1, ""learning_rate"": 0.02, ""max_depth"": 3, ""min_child_weight"": 30, ""n_estimators"": 500, ""reg_alpha"": 0.1, ""reg_lambda"": 3.0, ""subsample"": 0.8}",8,0.21624045678017742,0.6189500473612928,0.60634031445825,0.13832599859399355,0.5552829452599843,0.13807033097490964,0.5910595758894539,0.5742144492881264,0.6249426676065006,0.48562322291346793,0.5939469638918706,0.7037467872036991,0.6471591455084942
"{""colsample_bytree"": 0.85, ""gamma"": 1, ""learning_rate"": 0.02, ""max_depth"": 3, ""min_child_weight"": 30, ""n_estimators"": 500, ""reg_alpha"": 0, ""reg_lambda"": 3.0, ""subsample"": 0.8}",8,0.21624045678017742,0.6184163107410643,0.5900328568045127,0.11963955714588792,0.5247004305808461,0.13601627290308274,0.5358785347102557,0.5535425746263234,0.579410873176673,0.46998998798501923,0.5203834528594367,0.6645451264534,0.6313883289753418
"{""colsample_bytree"": 0.85, ""gamma"": 1, ""learning_rate"": 0.02, ""max_depth"": 3, ""min_child_weight"": 30, ""n_estimators"": 500, ""reg_alpha"": 0, ""reg_lambda"": 1.0, ""subsample"": 0.8}",8,0.21624045678017742,0.6177174062073288,0.58359894800917,0.10380700339375913,0.5246025012651339,0.11736615999405414,0.5442963523780917,0.5565950400601704,0.5812305195666218,0.467974482963646,0.5555412377092938,0.6510330915874347,0.6141098093526507
"{""colsample_bytree"": 0.7, ""gamma"": 1, ""learning_rate"": 0.02, ""max_depth"": 3, ""min_child_weight"": 30, ""n_estimators"": 300, ""reg_alpha"": 0, ""reg_lambda"": 3.0, ""subsample"": 0.8}",8,0.21624045678017742,0.6172895987563054,0.609493048758285,0.13450536704567312,0.5609762357133021,0.14088842032638513,0.5862152842329946,0.5789533910233677,0.6260505666342745,0.49590190479232976,0.6056376499229523,0.6874014899912312,0.6236031487273251
"{""colsample_bytree"": 0.85, ""gamma"": 1, ""learning_rate"": 0.02, ""max_depth"": 3, ""min_child_weight"": 30, ""n_estimators"": 500, ""reg_alpha"": 0.1, ""reg_lambda"": 3.0, ""subsample"": 0.8}",8,0.21624045678017742,0.6169414683572658,0.6079229341944176,0.15548315099155616,0.5560377880655842,0.16717423628414219,0.585445631014026,0.5782476559529106,0.6223516100922187,0.48972396603894963,0.5910557517375964,0.7026857368436343,0.647988943114869
"{""colsample_bytree"": 0.85, ""gamma"": 1, ""learning_rate"": 0.02, ""max_depth"": 3, ""min_child_weight"": 30, ""n_estimators"": 300, ""reg_alpha"": 0.1, ""reg_lambda"": 1.0, ""subsample"": 0.8}",8,0.21624045678017742,0.6132972393279245,0.5992166195505939,0.13436989016834086,0.5410932398652023,0.1532208332051605,0.5520848296007451,0.5657935235735965,0.5836347763802342,0.4985517033501703,0.5595973801725777,0.6460698809914278,0.6004020275869253
"{""colsample_bytree"": 0.85, ""gamma"": 1, ""learning_rate"": 0.02, ""max_depth"": 3, ""min_child_weight"": 15, ""n_estimators"": 500, ""reg_alpha"": 0, ""reg_lambda"": 1.0, ""subsample"": 0.8}",8,0.21624045678017742,0.6118350002036586,0.5996479088588513,0.13095376429405062,0.5397291153120992,0.14250147020592874,0.5589379705177994,0.5591557919724912,0.5858674879953949,0.49359074262880354,0.5567714544461585,0.6485280568055862,0.6068913621536622
"{""colsample_bytree"": 0.7, ""gamma"": 1, ""learning_rate"": 0.01, ""max_depth"": 3, ""min_child_weight"": 30, ""n_estimators"": 500, ""reg_alpha"": 0, ""reg_lambda"": 1.0, ""subsample"": 0.8}",8,0.21624045678017742,0.611228773629295,0.6023628586208538,0.1299824943639621,0.5536094382012787,0.14008063169689924,0.5752005191632541,0.5728296721024471,0.58694540506939,0.5202734713331676,0.5841441028600138,0.6300483315709676,0.5765993652943454
"{""colsample_bytree"": 0.7, ""gamma"": 1, ""learning_rate"": 0.02, ""max_depth"": 3, ""min_child_weight"": 15, ""n_estimators"": 500, ""reg_alpha"": 0, ""reg_lambda"": 1.0, ""subsample"": 0.8}",8,0.21624045678017742,0.6101982865364255,0.6082070136764053,0.13774211007607162,0.5623857071520526,0.1413938869670535,0.5870176488781368,0.5753517118670182,0.6314970659310335,0.4932743483730716,0.5923916494222844,0.6982339954221508,0.6363419076097582
"{""colsample_bytree"": 0.85, ""gamma"": 1, ""learning_rate"": 0.02, ""max_depth"": 2, ""min_child_weight"": 30, ""n_estimators"": 500, ""reg_alpha"": 0.1, ""reg_lambda"": 3.0, ""subsample"": 0.8}",8,0.21624045678017742,0.6098135109633973,0.604576707091011,0.12928597327543317,0.5380366464113708,0.14722392360126166,0.5604491529507627,0.5665935131404684,0.6017223052129073,0.4743509876098344,0.567982569759794,0.6890974221119996,0.6433199418965309
"{""colsample_bytree"": 0.85, ""gamma"": 1, ""learning_rate"": 0.02, ""max_depth"": 2, ""min_child_weight"": 30, ""n_estimators"": 500, ""reg_alpha"": 0, ""reg_lambda"": 1.0, ""subsample"": 0.8}",8,0.21624045678017742,0.6097821818263507,0.605055041093614,0.14293462987106653,0.5434906980798514,0.15900195714726703,0.5637821041057091,0.5678134214707055,0.581339307235844,0.5056420889238586,0.5712257993166245,0.6371886341422315,0.5915700001329512
"{""colsample_bytree"": 0.7, ""gamma"": 1, ""learning_rate"": 0.02, ""max_depth"": 2, ""min_child_weight"": 30, ""n_estimators"": 500, ""reg_alpha"": 0.1, ""reg_lambda"": 3.0, ""subsample"": 0.8}",8,0.21624045678017742,0.609348028024102,0.594260781064148,0.13072298377927555,0.5144882325829317,0.15854211613432742,0.5254516843556252,0.5531501986232006,0.5823854929560417,0.44659097220982186,0.5216345097886115,0.6760350000251254,0.6435160431651965
"{""colsample_bytree"": 0.7, ""gamma"": 1, ""learning_rate"": 0.01, ""max_depth"": 3, ""min_child_weight"": 30, ""n_estimators"": 500, ""reg_alpha"": 0, ""reg_lambda"": 3.0, ""subsample"": 0.8}",8,0.21624045678017742,0.6092402215230488,0.5997002803775462,0.13852661980121928,0.5461882707208608,0.1486199668390501,0.5707661626553414,0.5655589007091676,0.5944730152321491,0.4979035262095727,0.5765611524461909,0.6544226156634932,0.6084020341615219
"{""colsample_bytree"": 0.7, ""gamma"": 1, ""learning_rate"": 0.02, ""max_depth"": 3, ""min_child_weight"": 15, ""n_estimators"": 500, ""reg_alpha"": 0.1, ""reg_lambda"": 1.0, ""subsample"": 0.8}",8,0.21624045678017742,0.6089620176039913,0.5982820231671018,0.1232639654097369,0.5394043347294318,0.1388520437965645,0.5530009196394897,0.5621957246202504,0.5863390778304544,0.49246959162840925,0.5590588290422748,0.6477475481427828,0.6045498286842065
"{""colsample_bytree"": 0.7, ""gamma"": 1, ""learning_rate"": 0.02, ""max_depth"": 3, ""min_child_weight"": 30, ""n_estimators"": 300, ""reg_alpha"": 0.1, ""reg_lambda"": 3.0, ""subsample"": 0.8}",8,0.21624045678017742,0.6087807506022264,0.6056984604177383,0.1422825452718242,0.5609270544476247,0.14523144101049798,0.5898114401693402,0.5769782467880826,0.625570577900841,0.49628353099440836,0.6026961589914925,0.6898788651293652,0.6289358225273313
"{""colsample_bytree"": 0.7, ""gamma"": 1, ""learning_rate"": 0.02, ""max_depth"": 3, ""min_child_weight"": 30, ""n_estimators"": 300, ""reg_alpha"": 0.1, ""reg_lambda"": 1.0, ""subsample"": 0.8}",8,0.21624045678017742,0.6082891294685657,0.5981120465607339,0.13566854726623345,0.5458475924633487,0.14557486862936675,0.5686280529096478,0.5704869001353583,0.5776378773110925,0.5140573076156049,0.5963969868033628,0.6183705959482568,0.5664996329048263
"{""colsample_bytree"": 0.7, ""gamma"": 1, ""learning_rate"": 0.02, ""max_depth"": 3, ""min_child_weight"": 15, ""n_estimators"": 500, ""reg_alpha"": 0, ""reg_lambda"": 3.0, ""subsample"": 0.8}",8,0.21624045678017742,0.6077963583113333,0.6018540059136017,0.12800984102239016,0.5642380547262704,0.13002428177011122,0.5795916117694038,0.5791283980264293,0.6352836047281489,0.493192504724392,0.6013476806846192,0.6916555870314378,0.6224621032168395
"{""colsample_bytree"": 0.85, ""gamma"": 1, ""learning_rate"": 0.01, ""max_depth"": 3, ""min_child_weight"": 30, ""n_estimators"": 500, ""reg_alpha"": 0.1, ""reg_lambda"": 3.0, ""subsample"": 0.8}",8,0.21624045678017742,0.6075675319222575,0.6004275158290403,0.13297305599756468,0.5334263955992236,0.15221755716195506,0.5407989860908923,0.5576259584446778,0.5750954638084761,0.491757327389971,0.52355367930551,0.6473883367426351,0.609988985116267
"{""colsample_bytree"": 0.85, ""gamma"": 1, ""learning_rate"": 0.02, ""max_depth"": 2, ""min_child_weight"": 30, ""n_estimators"": 500, ""reg_alpha"": 0.1, ""reg_lambda"": 1.0, ""subsample"": 0.8}",8,0.21624045678017742,0.6072335367658538,0.6069998709721486,0.1358760340233401,0.5419469637744692,0.1540515485118588,0.5722035032271359,0.5728965276428197,0.6071723113657074,0.476721616183231,0.5710173494597204,0.7014431168438803,0.6515898929259505
"{""colsample_bytree"": 0.85, ""gamma"": 1, ""learning_rate"": 0.01, ""max_depth"": 3, ""min_child_weight"": 30, ""n_estimators"": 500, ""reg_alpha"": 0, ""reg_lambda"": 3.0, ""subsample"": 0.8}",8,0.21624045678017742,0.607223375770514,0.5992826372203326,0.14946394943285926,0.5387243701773847,0.17470841560201184,0.5335560565286901,0.566783912608406,0.5599064056641461,0.5175423346906234,0.5307029658498893,0.6076393165783776,0.5664154422883997
"{""colsample_bytree"": 0.7, ""gamma"": 1, ""learning_rate"": 0.02, ""max_depth"": 2, ""min_child_weight"": 30, ""n_estimators"": 500, ""reg_alpha"": 0, ""reg_lambda"": 3.0, ""subsample"": 0.8}",8,0.21624045678017742,0.6070127448901863,0.6020891234029563,0.13077942882571053,0.519205305112208,0.16333902007269036,0.5293032799379891,0.5584829471718094,0.5787318056620173,0.45967880456239846,0.5349621778482042,0.656821472901657,0.6184354728621291
"{""colsample_bytree"": 0.85, ""gamma"": 1, ""learning_rate"": 0.02, ""max_depth"": 3, ""min_child_weight"": 30, ""n_estimators"": 300, ""reg_alpha"": 0.1, ""reg_lambda"": 3.0, ""subsample"": 0.8}",8,0.21624045678017742,0.606904186704357,0.6041663803869418,0.1473967865047586,0.5447533940672513,0.17156677605375925,0.5485777584047759,0.5722793502410766,0.5756212004222566,0.513885587712246,0.5336797490487238,0.6385103290848106,0.5911179662427503
"{""colsample_bytree"": 0.7, ""gamma"": 1, ""learning_rate"": 0.02, ""max_depth"": 3, ""min_child_weight"": 15, ""n_estimators"": 500, ""reg_alpha"": 0.1, ""reg_lambda"": 3.0, ""subsample"": 0.8}",8,0.21624045678017742,0.6068480121686145,0.5893328049088258,0.12125673391293819,0.5520852291333734,0.12619884077563506,0.5639980644897384,0.5682892385250672,0.6280901199436861,0.4760803383230606,0.5797491035789372,0.6964224982135128,0.639747404768838
"{""colsample_bytree"": 0.7, ""gamma"": 1, ""learning_rate"": 0.01, ""max_depth"": 3, ""min_child_weight"": 30, ""n_estimators"": 500, ""reg_alpha"": 0.1, ""reg_lambda"": 1.0, ""subsample"": 0.8}",8,0.21624045678017742,0.606715056120954,0.6006865667434453,0.1331699486815619,0.5490183760678106,0.14295357052717358,0.5740603310499524,0.5706421297046914,0.5950251031014584,0.5030116490341627,0.5805745064063103,0.6540462338694473,0.6026181411414981
"{""colsample_bytree"": 0.7, ""gamma"": 1, ""learning_rate"": 0.02, ""max_depth"": 2, ""min_child_weight"": 30, ""n_estimators"": 500, ""reg_alpha"": 0.1, ""reg_lambda"": 1.0, ""subsample"": 0.8}",8,0.21624045678017742,0.6062538543786868,0.5958459860804227,0.12134118590643325,0.5227460563465505,0.13999695627272316,0.5519366598528118,0.5589298359870662,0.6092862498840397,0.4362058628090613,0.5834424291528979,0.7014155001659178,0.6589736688315772
"{""colsample_bytree"": 0.7, ""gamma"": 1, ""learning_rate"": 0.01, ""max_depth"": 3, ""min_child_weight"": 30, ""n_estimators"": 500, ""reg_alpha"": 0.1, ""reg_lambda"": 3.0, ""subsample"": 0.8}",8,0.21624045678017742,0.6061020531572219,0.5959340619334443,0.13136882015118242,0.5329897114700893,0.15050866127213547,0.5429170349009081,0.5606940335866633,0.5765731290853062,0.48940629385487233,0.5258799868059427,0.6521769940171818,0.6122806810177721
"{""colsample_bytree"": 0.85, ""gamma"": 1, ""learning_rate"": 0.02, ""max_depth"": 2, ""min_child_weight"": 30, ""n_estimators"": 500, ""reg_alpha"": 0, ""reg_lambda"": 3.0, ""subsample"": 0.8}",8,0.21624045678017742,0.6058950136333398,0.6065866896776106,0.12944969621956143,0.5313964019779194,0.15413780270139865,0.5591777587732458,0.5646803609236146,0.5980989864396835,0.4646938175161554,0.5724235863538459,0.6790146366479938,0.6338617427705827
"{""colsample_bytree"": 0.85, ""gamma"": 1, ""learning_rate"": 0.02, ""max_depth"": 3, ""min_child_weight"": 30, ""n_estimators"": 300, ""reg_alpha"": 0, ""reg_lambda"": 3.0, ""subsample"": 0.8}",8,0.21624045678017742,0.6058236492812946,0.599909389787,0.11726558226584075,0.5459149073906467,0.13328460233950132,0.5629475602893396,0.5729537343762912,0.5982830507052205,0.4935467640760731,0.5839630104529686,0.6564038754007018,0.6031249749506085
"{""colsample_bytree"": 0.85, ""gamma"": 1, ""learning_rate"": 0.02, ""max_depth"": 3, ""min_child_weight"": 30, ""n_estimators"": 300, ""reg_alpha"": 0, ""reg_lambda"": 1.0, ""subsample"": 0.8}",8,0.21624045678017742,0.605440639448564,0.6040102946533052,0.1337668187883622,0.5405118612585199,0.15598097177988732,0.5453263411453134,0.5659521879886025,0.5771578589601088,0.503865863556931,0.5293321137906403,0.6451505163754955,0.6012166740078684
"{""colsample_bytree"": 0.7, ""gamma"": 1, ""learning_rate"": 0.02, ""max_depth"": 3, ""min_child_weight"": 30, ""n_estimators"": 300, ""reg_alpha"": 0, ""reg_lambda"": 1.0, ""subsample"": 0.8}",8,0.21624045678017742,0.605362030699961,0.5934614097120403,0.1416168270555845,0.5335093293563858,0.15500648235279343,0.5521300875684145,0.5586499263813052,0.5782813228432113,0.48873733586956053,0.5609041447220275,0.6452869691872883,0.607195764540169
"{""colsample_bytree"": 0.7, ""gamma"": 1, ""learning_rate"": 0.02, ""max_depth"": 3, ""min_child_weight"": 15, ""n_estimators"": 300, ""reg_alpha"": 0.1, ""reg_lambda"": 1.0, ""subsample"": 0.8}",8,0.21624045678017742,0.6052050965108166,0.5951602223728036,0.12490008400792153,0.5241978114157115,0.14019038781080584,0.5363017676432495,0.551716024743183,0.5725621605626735,0.47583346226874973,0.5212715485889461,0.6503377993712417,0.6127870502777604
"{""colsample_bytree"": 0.85, ""gamma"": 1, ""learning_rate"": 0.02, ""max_depth"": 3, ""min_child_weight"": 15, ""n_estimators"": 500, ""reg_alpha"": 0, ""reg_lambda"": 3.0, ""subsample"": 0.8}",8,0.21624045678017742,0.6046668304695291,0.5929347854026185,0.11936478624921071,0.5356944476637677,0.12644454750291648,0.5600640285623498,0.5603507998991151,0.5755913410298189,0.4957975542977166,0.569199713095398,0.6313330983552107,0.5877290931649987
"{""colsample_bytree"": 0.85, ""gamma"": 1, ""learning_rate"": 0.01, ""max_depth"": 3, ""min_child_weight"": 30, ""n_estimators"": 500, ""reg_alpha"": 0, ""reg_lambda"": 1.0, ""subsample"": 0.8}",8,0.21624045678017742,0.6044742570266501,0.5917401274092546,0.13812938944919753,0.5287266117427429,0.15569939771074087,0.5346055265642535,0.5568657916936045,0.5514085951074437,0.5060446283780422,0.5244970356824529,0.6067050068135307,0.5697507370462601
"{""colsample_bytree"": 0.85, ""gamma"": 1, ""learning_rate"": 0.02, ""max_depth"": 3, ""min_child_weight"": 15, ""n_estimators"": 500, ""reg_alpha"": 0.1, ""reg_lambda"": 3.0, ""subsample"": 0.8}",8,0.21624045678017742,0.6043133625771875,0.599429574943997,0.1421062249888406,0.5618888439903822,0.1380393709702684,0.5875200984728783,0.5764432699991338,0.6279215702757975,0.4958561177049669,0.6031159096226011,0.6847355369801249,0.6182981788518563
"{""colsample_bytree"": 0.7, ""gamma"": 1, ""learning_rate"": 0.02, ""max_depth"": 2, ""min_child_weight"": 30, ""n_estimators"": 500, ""reg_alpha"": 0, ""reg_lambda"": 1.0, ""subsample"": 0.8}",8,0.21624045678017742,0.6033595384167971,0.5913496834229391,0.10960406978532272,0.5310797321475892,0.12229606671128243,0.5526071367378209,0.5623869223851056,0.5964947154770315,0.46566474881814685,0.5878387907960525,0.6652838060869466,0.6197458999881663
"{""colsample_bytree"": 0.7, ""gamma"": 1, ""learning_rate"": 0.01, ""max_depth"": 3, ""min_child_weight"": 30, ""n_estimators"": 300, ""reg_alpha"": 0.1, ""reg_lambda"": 1.0, ""subsample"": 0.8}",8,0.21624045678017742,0.602839076493519,0.6040710725462815,0.12892919792231225,0.5420004629845324,0.1531089096355825,0.5434680898310378,0.5665910904917166,0.573175994129398,0.5108249318396668,0.532932253474534,0.6307672284559658,0.5871052479348364
"{""colsample_bytree"": 0.7, ""gamma"": 1, ""learning_rate"": 0.02, ""max_depth"": 3, ""min_child_weight"": 15, ""n_estimators"": 300, ""reg_alpha"": 0.1, ""reg_lambda"": 3.0, ""subsample"": 0.8}",8,0.21624045678017742,0.6025198581800522,0.6027524958610623,0.13288060021323994,0.5439217879238192,0.14402623447525892,0.5694589671131184,0.5665746341116651,0.5999872871464869,0.4878562887011515,0.5942496535437264,0.6580841854322687,0.6073855095342032
"{""colsample_bytree"": 0.85, ""gamma"": 1, ""learning_rate"": 0.01, ""max_depth"": 3, ""min_child_weight"": 30, ""n_estimators"": 500, ""reg_alpha"": 0.1, ""reg_lambda"": 1.0, ""subsample"": 0.8}",8,0.21624045678017742,0.6024815672863604,0.5934558487341903,0.13696780465476352,0.5315726152659845,0.1556034661226512,0.5343989605998987,0.5574294899327675,0.5579126861191079,0.505232544412861,0.5226437124527348,0.6154299179006155,0.577834926268219
"{""colsample_bytree"": 0.7, ""gamma"": 1, ""learning_rate"": 0.01, ""max_depth"": 3, ""min_child_weight"": 30, ""n_estimators"": 300, ""reg_alpha"": 0, ""reg_lambda"": 3.0, ""subsample"": 0.8}",8,0.21624045678017742,0.6020927609578347,0.6115964829048967,0.12445337546024281,0.5487486169705595,0.15371540631316072,0.5486488934410095,0.574172421324721,0.5807462929561438,0.5167509409849753,0.5400663445874597,0.6398081713888348,0.5882339720097239
"{""colsample_bytree"": 0.85, ""gamma"": 1, ""learning_rate"": 0.02, ""max_depth"": 3, ""min_child_weight"": 15, ""n_estimators"": 500, ""reg_alpha"": 0.1, ""reg_lambda"": 1.0, ""subsample"": 0.8}",8,0.21624045678017742,0.6018932504649858,0.6083021122125862,0.1435800609035355,0.5653936040283646,0.14486039399752687,0.5934051363901174,0.5794832773076936,0.6303407178300736,0.5004464902266557,0.6065909233560024,0.686405861193768,0.618359270944863
"{""colsample_bytree"": 0.7, ""gamma"": 1, ""learning_rate"": 0.01, ""max_depth"": 3, ""min_child_weight"": 15, ""n_estimators"": 500, ""reg_alpha"": 0.1, ""reg_lambda"": 3.0, ""subsample"": 0.8}",8,0.21624045678017742,0.6016704784689121,0.6014538406814115,0.14051533236751446,0.5510251498282817,0.14730207233437426,0.5741973654394636,0.568394871386399,0.5853709984167812,0.516679301239782,0.5923279773192516,0.6245270658736601,0.5742300392174181
"{""colsample_bytree"": 0.85, ""gamma"": 1, ""learning_rate"": 0.02, ""max_depth"": 3, ""min_child_weight"": 15, ""n_estimators"": 300, ""reg_alpha"": 0, ""reg_lambda"": 1.0, ""subsample"": 0.8}",8,0.21624045678017742,0.6011675778742135,0.6026400374293496,0.12085259900872194,0.5488011004189695,0.13571846118513994,0.5577572281420825,0.5700286961150162,0.6088279660830094,0.4887742347549294,0.586441430567767,0.6648915249002758,0.610430924753405
"{""colsample_bytree"": 0.7, ""gamma"": 1, ""learning_rate"": 0.02, ""max_depth"": 2, ""min_child_weight"": 30, ""n_estimators"": 300, ""reg_alpha"": 0, ""reg_lambda"": 3.0, ""subsample"": 0.8}",8,0.21624045678017742,0.5998693349982683,0.5892568665347087,0.12696248625101852,0.5129192264521519,0.14867015162399444,0.5153071861478181,0.5459222361040271,0.5632308648475276,0.46260758805677626,0.5191802785145048,0.6338761753424351,0.6065827162514341
"{""colsample_bytree"": 0.7, ""gamma"": 1, ""learning_rate"": 0.01, ""max_depth"": 3, ""min_child_weight"": 15, ""n_estimators"": 500, ""reg_alpha"": 0, ""reg_lambda"": 3.0, ""subsample"": 0.8}",8,0.21624045678017742,0.5997743332446351,0.5936760357914126,0.12482639815070748,0.5410385279020311,0.13839960067970264,0.5521252011174216,0.5624077934115439,0.5673626594575237,0.5147143963465385,0.5633425049769722,0.6021418586750479,0.5585499243249665
"{""colsample_bytree"": 0.7, ""gamma"": 1, ""learning_rate"": 0.02, ""max_depth"": 3, ""min_child_weight"": 15, ""n_estimators"": 300, ""reg_alpha"": 0, ""reg_lambda"": 3.0, ""subsample"": 0.8}",8,0.21624045678017742,0.5996018357704944,0.6049625787560546,0.1397526333534595,0.5549331384916614,0.14284774070649994,0.5876354383755066,0.5720878178858373,0.5993612556693815,0.5105050213139412,0.6045317594762529,0.6463644096635578,0.5891432043380499
"{""colsample_bytree"": 0.85, ""gamma"": 1, ""learning_rate"": 0.02, ""max_depth"": 3, ""min_child_weight"": 15, ""n_estimators"": 300, ""reg_alpha"": 0, ""reg_lambda"": 3.0, ""subsample"": 0.8}",8,0.21624045678017742,0.599288340628739,0.5958591026109721,0.13510622802250347,0.5432038431338166,0.14198830511843813,0.5674539304163483,0.5673555430349582,0.5854696699962052,0.5009380162714282,0.5967901040959405,0.6241829926110973,0.5702610945386839
"{""colsample_bytree"": 0.7, ""gamma"": 1, ""learning_rate"": 0.01, ""max_depth"": 3, ""min_child_weight"": 30, ""n_estimators"": 300, ""reg_alpha"": 0.1, ""reg_lambda"": 3.0, ""subsample"": 0.8}",8,0.21624045678017742,0.5991744802617974,0.6096714154444497,0.1260367695168393,0.5475162653629894,0.15345210538028278,0.5494819102697068,0.5726255767863747,0.5774451379609375,0.5175873927650412,0.5396220993338569,0.6334220801907557,0.5831604935715208
"{""colsample_bytree"": 0.7, ""gamma"": 1, ""learning_rate"": 0.01, ""max_depth"": 3, ""min_child_weight"": 15, ""n_estimators"": 500, ""reg_alpha"": 0.1, ""reg_lambda"": 1.0, ""subsample"": 0.8}",8,0.21624045678017742,0.5990369050025072,0.6031982903573717,0.1268616473099247,0.5451626158029651,0.14213055045725453,0.566811202931538,0.5692847656808362,0.5899611246786772,0.5003641069272529,0.575129555456269,0.6504686115452876,0.6001013376745991
"{""colsample_bytree"": 0.85, ""gamma"": 1, ""learning_rate"": 0.02, ""max_depth"": 3, ""min_child_weight"": 15, ""n_estimators"": 300, ""reg_alpha"": 0.1, ""reg_lambda"": 1.0, ""subsample"": 0.8}",8,0.21624045678017742,0.5988708807278906,0.6021000996737629,0.13456934992516267,0.552859626301534,0.14196452952304442,0.5773233047482736,0.5723923664130198,0.6244739779368013,0.4812452746662667,0.5968284853989684,0.6895364460290799,0.6304309466142582
"{""colsample_bytree"": 0.7, ""gamma"": 1, ""learning_rate"": 0.01, ""max_depth"": 3, ""min_child_weight"": 15, ""n_estimators"": 300, ""reg_alpha"": 0, ""reg_lambda"": 3.0, ""subsample"": 0.8}",8,0.21624045678017742,0.5988281842055839,0.5851683629227231,0.11589934158228393,0.5277287505737717,0.1408956725721014,0.5222226197683085,0.5610111214810325,0.540195096281228,0.5152624048663155,0.5373443029444837,0.5622608119822343,0.523232115284068
"{""colsample_bytree"": 0.85, ""gamma"": 1, ""learning_rate"": 0.01, ""max_depth"": 3, ""min_child_weight"": 15, ""n_estimators"": 500, ""reg_alpha"": 0.1, ""reg_lambda"": 3.0, ""subsample"": 0.8}",8,0.21624045678017742,0.598767234568131,0.6072587891332404,0.13429703454028055,0.5661272664569645,0.139243675713824,0.5802600511424831,0.5818189023855654,0.612919103565943,0.519335429347986,0.6157335680545888,0.6393769725577187,0.5711150398781394
"{""colsample_bytree"": 0.7, ""gamma"": 1, ""learning_rate"": 0.02, ""max_depth"": 2, ""min_child_weight"": 15, ""n_estimators"": 500, ""reg_alpha"": 0.1, ""reg_lambda"": 1.0, ""subsample"": 0.8}",8,0.21624045678017742,0.5987340895648262,0.5917775134427224,0.144103340777696,0.5342874949955586,0.1509980802164899,0.5593509275653078,0.5592111152647254,0.6070346603460551,0.46154032964506214,0.5865300209871835,0.6767478543507932,0.6324099584798132
"{""colsample_bytree"": 0.7, ""gamma"": 1, ""learning_rate"": 0.01, ""max_depth"": 3, ""min_child_weight"": 30, ""n_estimators"": 300, ""reg_alpha"": 0, ""reg_lambda"": 1.0, ""subsample"": 0.8}",8,0.21624045678017742,0.5983850307278964,0.5955337633423247,0.12980076328948495,0.5248748358657538,0.15407482164624717,0.5274670308083665,0.5541641932063096,0.5748615800125777,0.47488809171893,0.5226998763105138,0.6495325257107311,0.6163546254190317
"{""colsample_bytree"": 0.85, ""gamma"": 1, ""learning_rate"": 0.01, ""max_depth"": 3, ""min_child_weight"": 30, ""n_estimators"": 300, ""reg_alpha"": 0.1, ""reg_lambda"": 1.0, ""subsample"": 0.8}",8,0.21624045678017742,0.5983395083056907,0.5979049566866308,0.12948892779927737,0.5255390719920938,0.15021664799674958,0.5297121740580881,0.553863988910044,0.5644676329034342,0.4866105110807536,0.5196889135799411,0.6318529725648545,0.5978739938327211
"{""colsample_bytree"": 0.7, ""gamma"": 1, ""learning_rate"": 0.01, ""max_depth"": 3, ""min_child_weight"": 15, ""n_estimators"": 300, ""reg_alpha"": 0.1, ""reg_lambda"": 3.0, ""subsample"": 0.8}",8,0.21624045678017742,0.5977251763855853,0.5949245218042108,0.11988884705104767,0.5350106046374239,0.1468713428139381,0.5296832793299898,0.5668328459948375,0.548475499696277,0.5215457095785709,0.5455031450348029,0.5705006455338181,0.5267046828506802
"{""colsample_bytree"": 0.85, ""gamma"": 1, ""learning_rate"": 0.02, ""max_depth"": 2, ""min_child_weight"": 30, ""n_estimators"": 300, ""reg_alpha"": 0.1, ""reg_lambda"": 3.0, ""subsample"": 0.8}",8,0.21624045678017742,0.5976557622380688,0.6039219065016667,0.12162794206991706,0.5256482617509249,0.1476149883576025,0.534149522273177,0.5586145143334698,0.5833000944021021,0.467996429099748,0.5293003461043032,0.6672094626914795,0.6279497110017757
"{""colsample_bytree"": 0.85, ""gamma"": 1, ""learning_rate"": 0.02, ""max_depth"": 3, ""min_child_weight"": 15, ""n_estimators"": 300, ""reg_alpha"": 0.1, ""reg_lambda"": 3.0, ""subsample"": 0.8}",8,0.21624045678017742,0.5974976872505002,0.604267652394324,0.1375129156686066,0.5526345136199236,0.1469603280732882,0.576570717082611,0.5757984325022336,0.6093598173523012,0.4959092098875459,0.6069265518264486,0.6595327922276913,0.5984332890111889
"{""colsample_bytree"": 0.85, ""gamma"": 1, ""learning_rate"": 0.01, ""max_depth"": 3, ""min_child_weight"": 30, ""n_estimators"": 300, ""reg_alpha"": 0, ""reg_lambda"": 3.0, ""subsample"": 0.8}",8,0.21624045678017742,0.5974779515564083,0.5936375151006604,0.13236392730640345,0.5302225781217289,0.15031090895934787,0.5334773348775889,0.5586155239406303,0.5341787506469099,0.5262664055965478,0.5299783885912044,0.5678299670626987,0.5295984529842617
"{""colsample_bytree"": 0.7, ""gamma"": 1, ""learning_rate"": 0.01, ""max_depth"": 3, ""min_child_weight"": 15, ""n_estimators"": 500, ""reg_alpha"": 0, ""reg_lambda"": 1.0, ""subsample"": 0.8}",8,0.21624045678017742,0.5973516512132407,0.6037620385174226,0.12993985523326204,0.5613299674257933,0.1329254712693706,0.5798086542107211,0.5770943268108523,0.6075721525401037,0.515087782311483,0.5987830348340645,0.6459257105986542,0.5830688362418301
"{""colsample_bytree"": 0.85, ""gamma"": 1, ""learning_rate"": 0.02, ""max_depth"": 2, ""min_child_weight"": 30, ""n_estimators"": 300, ""reg_alpha"": 0, ""reg_lambda"": 3.0, ""subsample"": 0.8}",8,0.21624045678017742,0.5971936592356124,0.6056474179050885,0.12046964110114543,0.5278446180053739,0.1485328434427164,0.5339162448605099,0.5599444687857561,0.5797740019812967,0.47591523402945096,0.5317388007530665,0.6553000052748321,0.6148305171256172
"{""colsample_bytree"": 0.7, ""gamma"": 1, ""learning_rate"": 0.01, ""max_depth"": 2, ""min_child_weight"": 30, ""n_estimators"": 500, ""reg_alpha"": 0, ""reg_lambda"": 3.0, ""subsample"": 0.8}",8,0.21624045678017742,0.597164705271322,0.5973756593959175,0.12649346559260058,0.5343105520258612,0.15324413839658713,0.5241546731719653,0.5631315385332165,0.5585639353068569,0.5100571687448655,0.535337386585006,0.5996704889605455,0.5590366921284968
"{""colsample_bytree"": 0.85, ""gamma"": 1, ""learning_rate"": 0.02, ""max_depth"": 2, ""min_child_weight"": 15, ""n_estimators"": 500, ""reg_alpha"": 0, ""reg_lambda"": 1.0, ""subsample"": 0.8}",8,0.21624045678017742,0.5969096557259606,0.567029736468831,0.11883743677175426,0.507660783932269,0.12035532335344114,0.5189827957431123,0.5378480284954429,0.5343483120637312,0.4809732558008067,0.5081785409030681,0.5846633489466598,0.5646278724494798
"{""colsample_bytree"": 0.7, ""gamma"": 1, ""learning_rate"": 0.02, ""max_depth"": 2, ""min_child_weight"": 30, ""n_estimators"": 300, ""reg_alpha"": 0.1, ""reg_lambda"": 3.0, ""subsample"": 0.8}",8,0.21624045678017742,0.5969034457835367,0.598022748326603,0.123828515893219,0.5209805913285473,0.14819320590540033,0.5260813732828553,0.5536324626801329,0.5651026939723806,0.4768584886847141,0.5305946528377332,0.6291567461264831,0.5941436656987452
"{""colsample_bytree"": 0.7, ""gamma"": 1, ""learning_rate"": 0.01, ""max_depth"": 2, ""min_child_weight"": 30, ""n_estimators"": 500, ""reg_alpha"": 0.1, ""reg_lambda"": 3.0, ""subsample"": 0.8}",8,0.21624045678017742,0.596838160732442,0.5924892413532961,0.12891026890694543,0.5279243988334439,0.14909636700219195,0.5218359724802224,0.5530094388977878,0.5527483596383629,0.5031004380285249,0.5266933284230987,0.5963194887952463,0.5629540759381705
"{""colsample_bytree"": 0.7, ""gamma"": 1, ""learning_rate"": 0.02, ""max_depth"": 3, ""min_child_weight"": 15, ""n_estimators"": 300, ""reg_alpha"": 0, ""reg_lambda"": 1.0, ""subsample"": 0.8}",8,0.21624045678017742,0.5967307502561657,0.6028099984351092,0.13674834201377498,0.5568925330670392,0.14956391370754185,0.5648768935989504,0.5761058733573623,0.6304395639587683,0.4833455021753102,0.5971546626969413,0.6890934716502575,0.6253835485635006
"{""colsample_bytree"": 0.85, ""gamma"": 1, ""learning_rate"": 0.02, ""max_depth"": 2, ""min_child_weight"": 15, ""n_estimators"": 500, ""reg_alpha"": 0.1, ""reg_lambda"": 1.0, ""subsample"": 0.8}",8,0.21624045678017742,0.5964539215573098,0.5613678170526892,0.07850777665454481,0.5010951712049257,0.09023906185153696,0.5199509662971004,0.5416743619820116,0.5461971550142742,0.4559931873955772,0.522220795022186,0.6086168120338376,0.5832534883846606
"{""colsample_bytree"": 0.7, ""gamma"": 1, ""learning_rate"": 0.02, ""max_depth"": 2, ""min_child_weight"": 15, ""n_estimators"": 500, ""reg_alpha"": 0, ""reg_lambda"": 3.0, ""subsample"": 0.8}",8,0.21624045678017742,0.5964495387318857,0.5980713658854101,0.14206922073233363,0.5435522226042285,0.1471380470590762,0.5700488596372475,0.564318156105072,0.6105292125632177,0.4765752326452394,0.6017098717410345,0.6711852555362384,0.6218156285158305
"{""colsample_bytree"": 0.7, ""gamma"": 1, ""learning_rate"": 0.02, ""max_depth"": 2, ""min_child_weight"": 15, ""n_estimators"": 500, ""reg_alpha"": 0.1, ""reg_lambda"": 3.0, ""subsample"": 0.8}",8,0.21624045678017742,0.5963838833440722,0.5966525983392736,0.13942826905389405,0.5424406242198601,0.14702206393887465,0.5640651482174512,0.5635702275447074,0.6116401257828763,0.47324112265684365,0.5904136609750175,0.6769925360698162,0.6284861313519149
"{""colsample_bytree"": 0.85, ""gamma"": 1, ""learning_rate"": 0.02, ""max_depth"": 2, ""min_child_weight"": 15, ""n_estimators"": 500, ""reg_alpha"": 0, ""reg_lambda"": 3.0, ""subsample"": 0.8}",8,0.21624045678017742,0.5962260253377806,0.5898005330795506,0.13532782643270377,0.5241385845935681,0.14625165569052245,0.5453322976955662,0.5539755021239302,0.5783443921024252,0.46993277708471115,0.5180966114400171,0.6697917883518947,0.6368413835324421
"{""colsample_bytree"": 0.85, ""gamma"": 1, ""learning_rate"": 0.01, ""max_depth"": 3, ""min_child_weight"": 30, ""n_estimators"": 300, ""reg_alpha"": 0, ""reg_lambda"": 1.0, ""subsample"": 0.8}",8,0.21624045678017742,0.5958816509336025,0.5955891631940476,0.13037515330227892,0.5219898389884678,0.15151515753050449,0.5254229212711721,0.5512458609600929,0.5623504130451615,0.4816292649317743,0.5184437570799137,0.6291100258563906,0.5973762825021531
"{""colsample_bytree"": 0.7, ""gamma"": 1, ""learning_rate"": 0.02, ""max_depth"": 2, ""min_child_weight"": 15, ""n_estimators"": 300, ""reg_alpha"": 0, ""reg_lambda"": 3.0, ""subsample"": 0.8}",8,0.21624045678017742,0.5958770419878494,0.5907178260612045,0.11634916234474806,0.5596272213034154,0.10895399685665849,0.5750179620861599,0.5746413801632095,0.5809895939320137,0.5382648486748172,0.6048645085136812,0.5813814323703088,0.5225373556821991
"{""colsample_bytree"": 0.85, ""gamma"": 1, ""learning_rate"": 0.01, ""max_depth"": 3, ""min_child_weight"": 15, ""n_estimators"": 300, ""reg_alpha"": 0.1, ""reg_lambda"": 1.0, ""subsample"": 0.8}",8,0.21624045678017742,0.5954976131351227,0.5726312663918621,0.09751098568044313,0.5150689961701425,0.12537855078842738,0.5044318266373791,0.5503984613136081,0.5342972136539175,0.49584077868636733,0.531330621802651,0.5576633298706197,0.5257859036684721
"{""colsample_bytree"": 0.7, ""gamma"": 1, ""learning_rate"": 0.01, ""max_depth"": 3, ""min_child_weight"": 15, ""n_estimators"": 300, ""reg_alpha"": 0, ""reg_lambda"": 1.0, ""subsample"": 0.8}",8,0.21624045678017742,0.5952404376554086,0.5963128695586655,0.13672879115016406,0.5466878723970544,0.1423530383900033,0.5590316885022076,0.5648747592769087,0.5843955375760771,0.5089802072180316,0.5981095184327266,0.6166638597301359,0.5682333307540395
"{""colsample_bytree"": 0.85, ""gamma"": 1, ""learning_rate"": 0.01, ""max_depth"": 3, ""min_child_weight"": 15, ""n_estimators"": 300, ""reg_alpha"": 0.1, ""reg_lambda"": 3.0, ""subsample"": 0.8}",8,0.21624045678017742,0.5952361352645056,0.5736455523863221,0.08894017513110772,0.5153704696158796,0.12021890499993085,0.5065337779845036,0.5517780833384869,0.5383152446861585,0.49242569454560065,0.5348054737582517,0.5647327778599529,0.5309738162447866
"{""colsample_bytree"": 0.85, ""gamma"": 1, ""learning_rate"": 0.02, ""max_depth"": 2, ""min_child_weight"": 30, ""n_estimators"": 300, ""reg_alpha"": 0.1, ""reg_lambda"": 1.0, ""subsample"": 0.8}",8,0.21624045678017742,0.595141059864854,0.5971741685787109,0.1246622277689925,0.5236708573822607,0.14701465147159246,0.5305225993564897,0.5543255222341786,0.5678531874389012,0.47948852732562025,0.5270352017000605,0.6340979541609975,0.598897750902607
"{""colsample_bytree"": 0.85, ""gamma"": 1, ""learning_rate"": 0.01, ""max_depth"": 3, ""min_child_weight"": 15, ""n_estimators"": 300, ""reg_alpha"": 0, ""reg_lambda"": 3.0, ""subsample"": 0.8}",8,0.21624045678017742,0.5950552346881417,0.5887731666603685,0.11922593859502904,0.5349616960052314,0.13784988056645064,0.5370952111050137,0.5630595694979774,0.5482414598360309,0.5216819321744318,0.535229777877866,0.5757926162171223,0.5358616836886466
"{""colsample_bytree"": 0.7, ""gamma"": 1, ""learning_rate"": 0.02, ""max_depth"": 2, ""min_child_weight"": 30, ""n_estimators"": 300, ""reg_alpha"": 0, ""reg_lambda"": 1.0, ""subsample"": 0.8}",8,0.21624045678017742,0.5948413689540138,0.5990465339177596,0.1256783841091188,0.5336531813798177,0.14850585798473587,0.52918304026574,0.5591066891261735,0.5602741346640666,0.5070322280955686,0.5325613758043639,0.6073236878803362,0.5673755152832904
"{""colsample_bytree"": 0.7, ""gamma"": 1, ""learning_rate"": 0.01, ""max_depth"": 2, ""min_child_weight"": 30, ""n_estimators"": 300, ""reg_alpha"": 0, ""reg_lambda"": 3.0, ""subsample"": 0.8}",8,0.21624045678017742,0.5945278279875578,0.5902442978179342,0.13098726233648422,0.5265257663478095,0.15030395487437695,0.5219702965557207,0.5531034064841728,0.5439840920720314,0.5090674406235876,0.5303597666712295,0.5782657600598311,0.5438184852553922
"{""colsample_bytree"": 0.7, ""gamma"": 1, ""learning_rate"": 0.01, ""max_depth"": 2, ""min_child_weight"": 30, ""n_estimators"": 500, ""reg_alpha"": 0, ""reg_lambda"": 1.0, ""subsample"": 0.8}",8,0.21624045678017742,0.5942992013545138,0.5947640693154027,0.12902166096043316,0.5308699450341657,0.14990264067391426,0.5246804660257497,0.5556978907731875,0.5529282682968892,0.5088116217714421,0.5290545478229844,0.5940539549221225,0.5584140457647659
"{""colsample_bytree"": 0.85, ""gamma"": 1, ""learning_rate"": 0.01, ""max_depth"": 3, ""min_child_weight"": 15, ""n_estimators"": 500, ""reg_alpha"": 0, ""reg_lambda"": 1.0, ""subsample"": 0.8}",8,0.21624045678017742,0.5942052521548279,0.5918837035244715,0.13871768061884254,0.5299123750152159,0.15892798907066397,0.5270224182010977,0.5585407033280313,0.5477435651393521,0.5120811848910798,0.53060731702418,0.5879884956494662,0.5482039112514104
"{""colsample_bytree"": 0.7, ""gamma"": 1, ""learning_rate"": 0.01, ""max_depth"": 3, ""min_child_weight"": 15, ""n_estimators"": 300, ""reg_alpha"": 0.1, ""reg_lambda"": 1.0, ""subsample"": 0.8}",8,0.21624045678017742,0.5940367951976067,0.5716548929162406,0.09384700425496276,0.5190859212965616,0.11042064791060707,0.5308981804732574,0.5512594067248693,0.5450956889438122,0.49307615364931107,0.5699407056325342,0.5668269297622621,0.5326906991828586
"{""colsample_bytree"": 0.85, ""gamma"": 1, ""learning_rate"": 0.01, ""max_depth"": 3, ""min_child_weight"": 15, ""n_estimators"": 500, ""reg_alpha"": 0, ""reg_lambda"": 3.0, ""subsample"": 0.8}",8,0.21624045678017742,0.5940255088452155,0.5998467907289623,0.135064415317825,0.5570055483905315,0.13879853679329532,0.5715232759835718,0.5734302591075098,0.599891639785923,0.5141194569951401,0.6063709132248847,0.6251627501071386,0.5660323575448991
"{""colsample_bytree"": 0.7, ""gamma"": 1, ""learning_rate"": 0.01, ""max_depth"": 2, ""min_child_weight"": 30, ""n_estimators"": 500, ""reg_alpha"": 0.1, ""reg_lambda"": 1.0, ""subsample"": 0.8}",8,0.21624045678017742,0.5939610183216615,0.5953002318253373,0.128425108691886,0.531057306904875,0.14947109528613658,0.5250938178771956,0.5559338217584906,0.5562191063496129,0.505895507460137,0.5278998636405587,0.6018352347304359,0.5660959037286415
"{""colsample_bytree"": 0.85, ""gamma"": 1, ""learning_rate"": 0.01, ""max_depth"": 3, ""min_child_weight"": 15, ""n_estimators"": 500, ""reg_alpha"": 0.1, ""reg_lambda"": 1.0, ""subsample"": 0.8}",8,0.21624045678017742,0.5938663248152133,0.5916230509756326,0.11756267334741236,0.5362974897945219,0.13219838003368653,0.554474036140873,0.5662637727666585,0.5862755832927157,0.486319396296328,0.5973611510623499,0.6285630049063446,0.579058258046818
"{""colsample_bytree"": 0.7, ""gamma"": 1, ""learning_rate"": 0.02, ""max_depth"": 2, ""min_child_weight"": 30, ""n_estimators"": 300, ""reg_alpha"": 0.1, ""reg_lambda"": 1.0, ""subsample"": 0.8}",8,0.21624045678017742,0.5936915066943884,0.6034805542394448,0.12093967882230083,0.5385430036756709,0.14631702878541764,0.5388659236107557,0.565124439316707,0.5618576468207308,0.5152283605306109,0.5405130020373878,0.6050544449600639,0.5598349065998969
"{""colsample_bytree"": 0.85, ""gamma"": 1, ""learning_rate"": 0.01, ""max_depth"": 2, ""min_child_weight"": 15, ""n_estimators"": 500, ""reg_alpha"": 0, ""reg_lambda"": 1.0, ""subsample"": 0.8}",8,0.21624045678017742,0.592770115898021,0.5495492457733798,0.07543695425532396,0.49313305498672005,0.09822561488769395,0.4959672517840928,0.5358793903559365,0.5131604507768587,0.4731056591965815,0.5245746600645315,0.5382448711836442,0.517815149464916
"{""colsample_bytree"": 0.85, ""gamma"": 1, ""learning_rate"": 0.01, ""max_depth"": 3, ""min_child_weight"": 30, ""n_estimators"": 300, ""reg_alpha"": 0.1, ""reg_lambda"": 3.0, ""subsample"": 0.8}",8,0.21624045678017742,0.592637228109453,0.6098997732345335,0.13058506381769033,0.538220377813634,0.15654048893824898,0.5461728025206113,0.5645505013987789,0.5828599491684817,0.49358080645878627,0.5358544415030051,0.6529919014455801,0.6084281214107208
"{""colsample_bytree"": 0.7, ""gamma"": 1, ""learning_rate"": 0.02, ""max_depth"": 2, ""min_child_weight"": 15, ""n_estimators"": 300, ""reg_alpha"": 0.1, ""reg_lambda"": 3.0, ""subsample"": 0.8}",8,0.21624045678017742,0.5923940440636964,0.5821143020652211,0.10380008953909439,0.5337443748168529,0.11356880618620871,0.538076149831747,0.5593733901718597,0.53226686333936,0.5352218862943458,0.542066236867737,0.5404014074245554,0.5003006555730988
"{""colsample_bytree"": 0.85, ""gamma"": 1, ""learning_rate"": 0.01, ""max_depth"": 3, ""min_child_weight"": 15, ""n_estimators"": 300, ""reg_alpha"": 0, ""reg_lambda"": 1.0, ""subsample"": 0.8}",8,0.21624045678017742,0.5920804592406391,0.5668077109667762,0.0981086921962014,0.5100031305635985,0.1231331932309959,0.5005515735803541,0.5464854543610067,0.5217593758745589,0.49824688525263805,0.5291584662081614,0.5371195085197551,0.5089484802009496
"{""colsample_bytree"": 0.7, ""gamma"": 1, ""learning_rate"": 0.01, ""max_depth"": 2, ""min_child_weight"": 15, ""n_estimators"": 500, ""reg_alpha"": 0, ""reg_lambda"": 1.0, ""subsample"": 0.8}",8,0.21624045678017742,0.5919114551188277,0.5709720660801746,0.07228781250380353,0.5081804688263069,0.10603274656845604,0.5007195092935495,0.5438530503420826,0.5440111567177123,0.47234978093490143,0.5276341540797747,0.5839162064994077,0.5532413277925461
"{""colsample_bytree"": 0.85, ""gamma"": 1, ""learning_rate"": 0.02, ""max_depth"": 2, ""min_child_weight"": 30, ""n_estimators"": 300, ""reg_alpha"": 0, ""reg_lambda"": 1.0, ""subsample"": 0.8}",8,0.21624045678017742,0.5918277437859665,0.5962320891359909,0.11938936297397564,0.5209200855167766,0.1473608181656226,0.5229821279853324,0.5568198894474047,0.5657668294830447,0.47607334155050846,0.5344275891795656,0.6252915167521826,0.5891198194103086
"{""colsample_bytree"": 0.7, ""gamma"": 1, ""learning_rate"": 0.01, ""max_depth"": 2, ""min_child_weight"": 30, ""n_estimators"": 300, ""reg_alpha"": 0.1, ""reg_lambda"": 3.0, ""subsample"": 0.8}",8,0.21624045678017742,0.5917907865307571,0.5985871516687875,0.12691897742629632,0.5335897490511726,0.15014612009106246,0.5283369651889905,0.5590554059583401,0.5567989438737435,0.5103805542286018,0.5350223151081673,0.5975651203473107,0.5579252345636175
"{""colsample_bytree"": 0.7, ""gamma"": 1, ""learning_rate"": 0.02, ""max_depth"": 2, ""min_child_weight"": 15, ""n_estimators"": 300, ""reg_alpha"": 0.1, ""reg_lambda"": 1.0, ""subsample"": 0.8}",8,0.21624045678017742,0.5914240231378455,0.5831197106072108,0.10670043789470109,0.5262273346202319,0.12093828829097457,0.5453840380923247,0.560121499507026,0.5634908256455113,0.4889638435949523,0.601459900105547,0.5855934006606325,0.5413274717619291
"{""colsample_bytree"": 0.85, ""gamma"": 1, ""learning_rate"": 0.01, ""max_depth"": 2, ""min_child_weight"": 30, ""n_estimators"": 500, ""reg_alpha"": 0.1, ""reg_lambda"": 1.0, ""subsample"": 0.8}",8,0.21624045678017742,0.5914011499784315,0.5904116524788622,0.10329256600786858,0.5244709773916867,0.13461393039312589,0.5190292866787904,0.5590980818940084,0.5555777055925405,0.4933642491908329,0.539354033495837,0.5946281758862728,0.554629599613194
"{""colsample_bytree"": 0.85, ""gamma"": 1, ""learning_rate"": 0.02, ""max_depth"": 2, ""min_child_weight"": 15, ""n_estimators"": 300, ""reg_alpha"": 0, ""reg_lambda"": 1.0, ""subsample"": 0.8}",8,0.21624045678017742,0.5911349079512922,0.5610023372522415,0.08568008116842393,0.5012424746760515,0.1061363422182684,0.49658536990645025,0.5354800882259302,0.5223528990424442,0.48013205030965883,0.517137047787848,0.5498556411674328,0.5289124058275151
"{""colsample_bytree"": 0.7, ""gamma"": 1, ""learning_rate"": 0.02, ""max_depth"": 2, ""min_child_weight"": 15, ""n_estimators"": 500, ""reg_alpha"": 0, ""reg_lambda"": 1.0, ""subsample"": 0.8}",8,0.21624045678017742,0.5910183291769906,0.5933013229727759,0.13727833158098462,0.5481886613045802,0.13432948740444534,0.5720218379096302,0.5637371180144933,0.6128764116099421,0.4835009109992182,0.5876021027354543,0.671344084477326,0.6217903117805088
"{""colsample_bytree"": 0.85, ""gamma"": 1, ""learning_rate"": 0.02, ""max_depth"": 2, ""min_child_weight"": 15, ""n_estimators"": 300, ""reg_alpha"": 0.1, ""reg_lambda"": 1.0, ""subsample"": 0.8}",8,0.21624045678017742,0.5909474303037778,0.5691769987803197,0.09376891783257095,0.5084254821998853,0.11086666710031982,0.5045710169684768,0.5475937445038592,0.5257243851941916,0.491126579205579,0.5263364627776497,0.5510991823755159,0.5204849300737239
"{""colsample_bytree"": 0.85, ""gamma"": 1, ""learning_rate"": 0.01, ""max_depth"": 2, ""min_child_weight"": 30, ""n_estimators"": 500, ""reg_alpha"": 0, ""reg_lambda"": 1.0, ""subsample"": 0.8}",8,0.21624045678017742,0.5907373967702984,0.5891305582325028,0.12853459769043016,0.5238657832036842,0.1531752572227408,0.5238574769736615,0.5598497325891814,0.5372920371228174,0.5104395292845509,0.536668712495511,0.5689800454867661,0.5304817100838747
"{""colsample_bytree"": 0.7, ""gamma"": 1, ""learning_rate"": 0.01, ""max_depth"": 2, ""min_child_weight"": 15, ""n_estimators"": 500, ""reg_alpha"": 0.1, ""reg_lambda"": 3.0, ""subsample"": 0.8}",8,0.21624045678017742,0.5904215961226341,0.5728963119648939,0.07548297696182127,0.5089138056839131,0.11024127363152474,0.5065234436316556,0.5493649737922289,0.5383799311601619,0.4794476802076643,0.5424211502492735,0.5666895235934589,0.5325541034402856
"{""colsample_bytree"": 0.7, ""gamma"": 1, ""learning_rate"": 0.01, ""max_depth"": 2, ""min_child_weight"": 30, ""n_estimators"": 300, ""reg_alpha"": 0.1, ""reg_lambda"": 1.0, ""subsample"": 0.8}",8,0.21624045678017742,0.5903329775345015,0.5952718648585142,0.11415223779696627,0.5291415024968523,0.13650946332559827,0.5176281894914965,0.5616927275973015,0.5485377962517983,0.5097452087419062,0.5378205300215089,0.5783485762492973,0.5351448411432759
"{""colsample_bytree"": 0.7, ""gamma"": 1, ""learning_rate"": 0.02, ""max_depth"": 2, ""min_child_weight"": 15, ""n_estimators"": 300, ""reg_alpha"": 0, ""reg_lambda"": 1.0, ""subsample"": 0.8}",8,0.21624045678017742,0.5903311286583672,0.585277601871481,0.10806849506725805,0.5308541222604766,0.12147843907481293,0.5512065315599701,0.5630593256451117,0.5649748501532594,0.4967333943676937,0.6034817471989868,0.5845851128721773,0.5372468180361005
"{""colsample_bytree"": 0.85, ""gamma"": 1, ""learning_rate"": 0.01, ""max_depth"": 2, ""min_child_weight"": 30, ""n_estimators"": 300, ""reg_alpha"": 0.1, ""reg_lambda"": 3.0, ""subsample"": 0.8}",8,0.21624045678017742,0.58988420477767,0.5947444664174469,0.12776829441183607,0.5304284160903852,0.14666362553622023,0.5289181768528594,0.5544057124380346,0.550192565869926,0.5106642663108444,0.5293152705495212,0.588532774779427,0.5534221811496425
"{""colsample_bytree"": 0.85, ""gamma"": 1, ""learning_rate"": 0.01, ""max_depth"": 2, ""min_child_weight"": 30, ""n_estimators"": 300, ""reg_alpha"": 0, ""reg_lambda"": 3.0, ""subsample"": 0.8}",8,0.21624045678017742,0.5897079475770807,0.5750986150081778,0.11487472852596542,0.5146812296820318,0.13329656794814704,0.5079786217970697,0.5459833008259574,0.5251306924909586,0.5042317668731051,0.5277120686302144,0.5419391699475632,0.5140979302753758
"{""colsample_bytree"": 0.85, ""gamma"": 1, ""learning_rate"": 0.01, ""max_depth"": 2, ""min_child_weight"": 15, ""n_estimators"": 500, ""reg_alpha"": 0.1, ""reg_lambda"": 1.0, ""subsample"": 0.8}",8,0.21624045678017742,0.5892040312532683,0.568082389157206,0.09662911494068152,0.5082528318106447,0.11779418974200893,0.5038271011053606,0.5433764316388179,0.5379831113845653,0.47852255223672413,0.5216780706507339,0.5783860459932362,0.5522651015520131
"{""colsample_bytree"": 0.85, ""gamma"": 1, ""learning_rate"": 0.02, ""max_depth"": 2, ""min_child_weight"": 15, ""n_estimators"": 500, ""reg_alpha"": 0.1, ""reg_lambda"": 3.0, ""subsample"": 0.8}",8,0.21624045678017742,0.5891684263966889,0.5812878235244754,0.1257303364225444,0.5109995870918768,0.1432018351756517,0.513644940741779,0.5439357899812736,0.5616845594852113,0.4603146146985423,0.5157755174027874,0.6328268857495446,0.6080849675513761
"{""colsample_bytree"": 0.85, ""gamma"": 1, ""learning_rate"": 0.01, ""max_depth"": 2, ""min_child_weight"": 30, ""n_estimators"": 500, ""reg_alpha"": 0, ""reg_lambda"": 3.0, ""subsample"": 0.8}",8,0.21624045678017742,0.58904794095632,0.5922149841080728,0.10948649985424865,0.5125005911223026,0.14075200804025398,0.5165890481390337,0.553326220369428,0.5614491497397714,0.4635520325048338,0.5385759487184396,0.6161150121935898,0.5810295784080718
"{""colsample_bytree"": 0.85, ""gamma"": 1, ""learning_rate"": 0.01, ""max_depth"": 2, ""min_child_weight"": 30, ""n_estimators"": 500, ""reg_alpha"": 0.1, ""reg_lambda"": 3.0, ""subsample"": 0.8}",8,0.21624045678017742,0.5887304346466097,0.58345339646093,0.13169041405327925,0.5219469444995036,0.1464281986313047,0.5222589031000376,0.5492731003551489,0.5277933901903082,0.5161004988086991,0.5248348160713461,0.5544683269744256,0.5241797700559384
"{""colsample_bytree"": 0.85, ""gamma"": 1, ""learning_rate"": 0.02, ""max_depth"": 2, ""min_child_weight"": 15, ""n_estimators"": 300, ""reg_alpha"": 0, ""reg_lambda"": 3.0, ""subsample"": 0.8}",8,0.21624045678017742,0.5882215767578088,0.5679789403586575,0.1029925928524081,0.5101558798253959,0.12379561785999373,0.5047238432621903,0.545033405725586,0.5152294356959174,0.5050823239548743,0.5310734945100256,0.5220795582825848,0.4938460281066929
"{""colsample_bytree"": 0.85, ""gamma"": 1, ""learning_rate"": 0.01, ""max_depth"": 2, ""min_child_weight"": 15, ""n_estimators"": 500, ""reg_alpha"": 0, ""reg_lambda"": 3.0, ""subsample"": 0.8}",8,0.21624045678017742,0.5882184743318981,0.5826082766928846,0.1072440641880845,0.5359775596847558,0.11472425859636937,0.5365081257702117,0.5576362211633176,0.5263188563830878,0.5456362629864238,0.5406799419336128,0.5263742132872722,0.4863126687202774
"{""colsample_bytree"": 0.7, ""gamma"": 1, ""learning_rate"": 0.01, ""max_depth"": 2, ""min_child_weight"": 15, ""n_estimators"": 500, ""reg_alpha"": 0.1, ""reg_lambda"": 1.0, ""subsample"": 0.8}",8,0.21624045678017742,0.5878552926002579,0.5697740217498536,0.10083905680643364,0.5279917089091142,0.10811118229179452,0.539106603942025,0.5554673176956837,0.5726628365615103,0.48332058125671795,0.6037869661651256,0.5846963966242381,0.5390125745344095
"{""colsample_bytree"": 0.7, ""gamma"": 1, ""learning_rate"": 0.01, ""max_depth"": 2, ""min_child_weight"": 15, ""n_estimators"": 500, ""reg_alpha"": 0, ""reg_lambda"": 3.0, ""subsample"": 0.8}",8,0.21624045678017742,0.5876600858832899,0.5778253216218849,0.10561013879731812,0.5335266769747339,0.11403595823364647,0.5455654610113343,0.5608929508374659,0.5750936607165609,0.49195969323290706,0.6153604129390897,0.5793191754368983,0.528575193900666
"{""colsample_bytree"": 0.7, ""gamma"": 1, ""learning_rate"": 0.01, ""max_depth"": 2, ""min_child_weight"": 15, ""n_estimators"": 300, ""reg_alpha"": 0.1, ""reg_lambda"": 3.0, ""subsample"": 0.8}",8,0.21624045678017742,0.5872491868020896,0.5802797951721976,0.1005891003022525,0.5261803821878905,0.12021183320213827,0.5348478064298982,0.5598975459021782,0.5142836039466196,0.5380771604291614,0.5496898662198825,0.5052441699365147,0.463690675033417
"{""colsample_bytree"": 0.85, ""gamma"": 1, ""learning_rate"": 0.01, ""max_depth"": 2, ""min_child_weight"": 30, ""n_estimators"": 300, ""reg_alpha"": 0.1, ""reg_lambda"": 1.0, ""subsample"": 0.8}",8,0.21624045678017742,0.5867436578067926,0.6018126081117507,0.13043286523591083,0.53465821533869,0.14676358307196535,0.5322268141235336,0.56049052451403,0.553648354583072,0.5156680760943078,0.5327870764434619,0.5920623539074681,0.5497270986888387
"{""colsample_bytree"": 0.7, ""gamma"": 1, ""learning_rate"": 0.01, ""max_depth"": 2, ""min_child_weight"": 30, ""n_estimators"": 300, ""reg_alpha"": 0, ""reg_lambda"": 1.0, ""subsample"": 0.8}",8,0.21624045678017742,0.5865194582222742,0.5976741723992316,0.12715732795838539,0.5335922273250545,0.14927823846326155,0.5279933145521158,0.5583384208245742,0.5517230339277872,0.5154614207223217,0.5345093664929096,0.5870230797688792,0.5480658246793911
"{""colsample_bytree"": 0.85, ""gamma"": 1, ""learning_rate"": 0.02, ""max_depth"": 2, ""min_child_weight"": 15, ""n_estimators"": 300, ""reg_alpha"": 0.1, ""reg_lambda"": 3.0, ""subsample"": 0.8}",8,0.21624045678017742,0.5853628744396209,0.572317587087682,0.09379164797893695,0.5191176233401132,0.11105431048064757,0.5277008272254492,0.5531722179522824,0.5215500416009171,0.5166852050793093,0.5425938942929137,0.5274867502114128,0.49214443177299294
"{""colsample_bytree"": 0.85, ""gamma"": 1, ""learning_rate"": 0.01, ""max_depth"": 2, ""min_child_weight"": 15, ""n_estimators"": 500, ""reg_alpha"": 0.1, ""reg_lambda"": 3.0, ""subsample"": 0.8}",8,0.21624045678017742,0.5851253618004502,0.5723171466068964,0.07840062186974084,0.5093381778678894,0.10991245948013781,0.5094948743918261,0.5485749993232325,0.5363768755657732,0.4822994801700057,0.5396992641360246,0.5629535326430636,0.5303396045597301
"{""colsample_bytree"": 0.7, ""gamma"": 1, ""learning_rate"": 0.01, ""max_depth"": 2, ""min_child_weight"": 15, ""n_estimators"": 300, ""reg_alpha"": 0, ""reg_lambda"": 3.0, ""subsample"": 0.8}",8,0.21624045678017742,0.5830567930754657,0.5793711276587662,0.10235963996105052,0.5267716545039653,0.11864742847212532,0.5376327047906172,0.5594971257826954,0.5130816046299492,0.5404617043779815,0.5478268349998026,0.5039340994938847,0.46261612665767143
"{""colsample_bytree"": 0.85, ""gamma"": 1, ""learning_rate"": 0.01, ""max_depth"": 2, ""min_child_weight"": 15, ""n_estimators"": 300, ""reg_alpha"": 0.1, ""reg_lambda"": 3.0, ""subsample"": 0.8}",8,0.21624045678017742,0.5829874853055492,0.5759221655179162,0.10389279384395425,0.5316560370761017,0.11245011848572896,0.531290750499531,0.5549626207511429,0.5121484197658379,0.5511636543863654,0.5404270105982685,0.49802438164983276,0.46197066121103064
"{""colsample_bytree"": 0.85, ""gamma"": 1, ""learning_rate"": 0.01, ""max_depth"": 2, ""min_child_weight"": 30, ""n_estimators"": 300, ""reg_alpha"": 0, ""reg_lambda"": 1.0, ""subsample"": 0.8}",8,0.21624045678017742,0.5829819237214555,0.5886193918500886,0.11626917659088445,0.5253869099231809,0.1368003536932616,0.5166708957521348,0.5554094025524455,0.542114455560852,0.5086593642855098,0.5327332641707455,0.5682300990689677,0.5315178869085815
"{""colsample_bytree"": 0.85, ""gamma"": 1, ""learning_rate"": 0.01, ""max_depth"": 2, ""min_child_weight"": 15, ""n_estimators"": 300, ""reg_alpha"": 0, ""reg_lambda"": 3.0, ""subsample"": 0.8}",8,0.21624045678017742,0.5810599243780749,0.5708409806461756,0.09622353318768007,0.5277953801348642,0.1021020093774147,0.5288980756928954,0.5511836023141123,0.49933959664176664,0.5562511636279618,0.5369238902225382,0.4776766379980923,0.44306013097028696
"{""colsample_bytree"": 0.7, ""gamma"": 1, ""learning_rate"": 0.01, ""max_depth"": 2, ""min_child_weight"": 15, ""n_estimators"": 300, ""reg_alpha"": 0.1, ""reg_lambda"": 1.0, ""subsample"": 0.8}",8,0.21624045678017742,0.5783792514663042,0.5653458529203199,0.1016324609208684,0.5094254885437999,0.12498759893209584,0.5002643877061669,0.5462152373426747,0.5097705380487888,0.509080439038811,0.5276941399393109,0.51489278086927,0.4875023422735407
"{""colsample_bytree"": 0.85, ""gamma"": 1, ""learning_rate"": 0.01, ""max_depth"": 2, ""min_child_weight"": 15, ""n_estimators"": 300, ""reg_alpha"": 0, ""reg_lambda"": 1.0, ""subsample"": 0.8}",8,0.21624045678017742,0.577823402481945,0.578191596205063,0.09463862644100896,0.5270000655963979,0.09621438496881954,0.529581104747921,0.5521732721583317,0.5101890927551039,0.543811038437692,0.5362660953462327,0.5005432251190564,0.4614789722819324
"{""colsample_bytree"": 0.7, ""gamma"": 1, ""learning_rate"": 0.01, ""max_depth"": 2, ""min_child_weight"": 15, ""n_estimators"": 300, ""reg_alpha"": 0, ""reg_lambda"": 1.0, ""subsample"": 0.8}",8,0.21624045678017742,0.5775874173332157,0.5770858665743929,0.10176020662804504,0.5331670408130126,0.10871584725877731,0.5294204476643037,0.5518766304396334,0.5228650812877154,0.5434690003383097,0.5287873930016311,0.5246861549179235,0.49016017243772725
"{""colsample_bytree"": 0.85, ""gamma"": 1, ""learning_rate"": 0.01, ""max_depth"": 2, ""min_child_weight"": 15, ""n_estimators"": 300, ""reg_alpha"": 0.1, ""reg_lambda"": 1.0, ""subsample"": 0.8}",8,0.21624045678017742,0.576137458398622,0.5742321148566975,0.09258826352092163,0.5304660673121107,0.09966353083487722,0.5315034403145924,0.5526242207260005,0.5024766496816214,0.5584554849425999,0.5394743804540814,0.4810486623441771,0.44288117881529926
